"Ave_obs_q","Median_obs_q","win_start","win_end","win_days","region","regname"
1.53710247349823,1,"2001-01-01","2002-01-01",365,1,"Auckland"
2.53424657534247,2,"2001-01-01","2003-01-01",730,1,"Auckland"
1.8716577540107,2,"2002-01-01","2003-01-01",365,1,"Auckland"
3.35102040816327,3,"2001-01-01","2004-01-01",1095,1,"Auckland"
2.77044476327116,3,"2002-01-01","2004-01-01",730,1,"Auckland"
1.81114551083591,2,"2003-01-01","2004-01-01",365,1,"Auckland"
4.1522633744856,4,"2001-01-01","2005-01-01",1461,1,"Auckland"
3.65236051502146,3,"2002-01-01","2005-01-01",1096,1,"Auckland"
2.82078853046595,2.5,"2003-01-01","2005-01-01",731,1,"Auckland"
1.83404255319149,2,"2004-01-01","2005-01-01",366,1,"Auckland"
4.75564971751412,4,"2001-01-01","2006-01-01",1826,1,"Auckland"
4.30097087378641,4,"2002-01-01","2006-01-01",1461,1,"Auckland"
3.59288537549407,3,"2003-01-01","2006-01-01",1096,1,"Auckland"
2.75688073394495,2,"2004-01-01","2006-01-01",731,1,"Auckland"
1.87562189054726,2,"2005-01-01","2006-01-01",365,1,"Auckland"
5.39218009478673,5,"2001-01-01","2007-01-01",2191,1,"Auckland"
4.98576512455516,4,"2002-01-01","2007-01-01",1826,1,"Auckland"
4.35402521823472,4,"2003-01-01","2007-01-01",1461,1,"Auckland"
3.61581920903955,3,"2004-01-01","2007-01-01",1096,1,"Auckland"
2.86046511627907,2,"2005-01-01","2007-01-01",730,1,"Auckland"
1.91911764705882,2,"2006-01-01","2007-01-01",365,1,"Auckland"
5.90462427745665,5,"2001-01-01","2008-01-01",2556,1,"Auckland"
5.53876185164529,4,"2002-01-01","2008-01-01",2191,1,"Auckland"
4.99577167019028,4,"2003-01-01","2008-01-01",1826,1,"Auckland"
4.29379562043796,4,"2004-01-01","2008-01-01",1461,1,"Auckland"
3.55516840882695,3,"2005-01-01","2008-01-01",1095,1,"Auckland"
2.77575757575758,3,"2006-01-01","2008-01-01",730,1,"Auckland"
1.89690721649485,2,"2007-01-01","2008-01-01",365,1,"Auckland"
6.27572663000786,5,"2001-01-01","2009-01-01",2922,1,"Auckland"
5.95360141405214,5,"2002-01-01","2009-01-01",2557,1,"Auckland"
5.47008999470619,4,"2003-01-01","2009-01-01",2192,1,"Auckland"
4.84802043422733,4,"2004-01-01","2009-01-01",1827,1,"Auckland"
4.18407212622089,4,"2005-01-01","2009-01-01",1461,1,"Auckland"
3.50088495575221,3,"2006-01-01","2009-01-01",1096,1,"Auckland"
2.68531468531469,2,"2007-01-01","2009-01-01",731,1,"Auckland"
1.76595744680851,2,"2008-01-01","2009-01-01",366,1,"Auckland"
6.5044612216884,5,"2001-01-01","2010-01-01",3287,1,"Auckland"
6.20334473584189,5,"2002-01-01","2010-01-01",2922,1,"Auckland"
5.76207354895879,5,"2003-01-01","2010-01-01",2557,1,"Auckland"
5.1799379524302,4,"2004-01-01","2010-01-01",2192,1,"Auckland"
4.56915832842849,4,"2005-01-01","2010-01-01",1826,1,"Auckland"
4.00267022696929,4,"2006-01-01","2010-01-01",1461,1,"Auckland"
3.33442088091354,3,"2007-01-01","2010-01-01",1096,1,"Auckland"
2.52028639618138,2,"2008-01-01","2010-01-01",731,1,"Auckland"
1.71739130434783,1,"2009-01-01","2010-01-01",365,1,"Auckland"
6.75292056074766,5,"2001-01-01","2011-01-01",3652,1,"Auckland"
6.48360394778733,5,"2002-01-01","2011-01-01",3287,1,"Auckland"
6.10155402963498,5,"2003-01-01","2011-01-01",2922,1,"Auckland"
5.61702127659574,4.5,"2004-01-01","2011-01-01",2557,1,"Auckland"
5.09144409234948,4,"2005-01-01","2011-01-01",2191,1,"Auckland"
4.59760956175299,4,"2006-01-01","2011-01-01",1826,1,"Auckland"
3.97350230414747,3,"2007-01-01","2011-01-01",1461,1,"Auckland"
3.22848664688427,3,"2008-01-01","2011-01-01",1096,1,"Auckland"
2.47152619589977,2,"2009-01-01","2011-01-01",730,1,"Auckland"
1.74117647058824,2,"2010-01-01","2011-01-01",365,1,"Auckland"
7.04666332162569,5,"2001-01-01","2012-01-01",4017,1,"Auckland"
6.80718336483932,5,"2002-01-01","2012-01-01",3652,1,"Auckland"
6.45449083808952,5,"2003-01-01","2012-01-01",3287,1,"Auckland"
6.00332667997339,5,"2004-01-01","2012-01-01",2922,1,"Auckland"
5.52472031757488,5,"2005-01-01","2012-01-01",2556,1,"Auckland"
5.08015564202335,4,"2006-01-01","2012-01-01",2191,1,"Auckland"
4.51958224543081,4,"2007-01-01","2012-01-01",1826,1,"Auckland"
3.83664921465969,3,"2008-01-01","2012-01-01",1461,1,"Auckland"
3.13333333333333,3,"2009-01-01","2012-01-01",1095,1,"Auckland"
2.51492537313433,2,"2010-01-01","2012-01-01",730,1,"Auckland"
1.70818505338078,1,"2011-01-01","2012-01-01",365,1,"Auckland"
7.21379936450295,6,"2001-01-01","2013-01-01",4383,1,"Auckland"
6.99078341013825,6,"2002-01-01","2013-01-01",4018,1,"Auckland"
6.67244598559616,5,"2003-01-01","2013-01-01",3653,1,"Auckland"
6.25394045534151,5,"2004-01-01","2013-01-01",3288,1,"Auckland"
5.81604512691946,5,"2005-01-01","2013-01-01",2922,1,"Auckland"
5.40334448160535,5,"2006-01-01","2013-01-01",2557,1,"Auckland"
4.89698307579102,4,"2007-01-01","2013-01-01",2192,1,"Auckland"
4.25665236051502,4,"2008-01-01","2013-01-01",1827,1,"Auckland"
3.60430107526882,3,"2009-01-01","2013-01-01",1461,1,"Auckland"
3.05361930294906,3,"2010-01-01","2013-01-01",1096,1,"Auckland"
2.30346232179226,2,"2011-01-01","2013-01-01",731,1,"Auckland"
1.44285714285714,1,"2012-01-01","2013-01-01",366,1,"Auckland"
7.56849315068493,6,"2001-01-01","2014-01-01",4748,1,"Auckland"
7.36616107669301,6,"2002-01-01","2014-01-01",4383,1,"Auckland"
7.08033433944741,6,"2003-01-01","2014-01-01",4018,1,"Auckland"
6.70080321285141,5.5,"2004-01-01","2014-01-01",3653,1,"Auckland"
6.30861563083489,5,"2005-01-01","2014-01-01",3287,1,"Auckland"
5.93404735062007,5,"2006-01-01","2014-01-01",2922,1,"Auckland"
5.45787545787546,5,"2007-01-01","2014-01-01",2557,1,"Auckland"
4.87049861495845,4,"2008-01-01","2014-01-01",2192,1,"Auckland"
4.26799007444169,4,"2009-01-01","2014-01-01",1826,1,"Auckland"
3.78536585365854,3,"2010-01-01","2014-01-01",1461,1,"Auckland"
3.06753246753247,3,"2011-01-01","2014-01-01",1096,1,"Auckland"
2.29243353783231,2,"2012-01-01","2014-01-01",731,1,"Auckland"
1.64516129032258,1,"2013-01-01","2014-01-01",365,1,"Auckland"
7.79413243922883,6,"2001-01-01","2015-01-01",5113,1,"Auckland"
7.6156282998944,6,"2002-01-01","2015-01-01",4748,1,"Auckland"
7.36473247927656,6,"2003-01-01","2015-01-01",4383,1,"Auckland"
7.03991975927783,6,"2004-01-01","2015-01-01",4018,1,"Auckland"
6.69578947368421,6,"2005-01-01","2015-01-01",3652,1,"Auckland"
6.36909210815564,6,"2006-01-01","2015-01-01",3287,1,"Auckland"
5.95487491232172,5,"2007-01-01","2015-01-01",2922,1,"Auckland"
5.43430187708923,5,"2008-01-01","2015-01-01",2557,1,"Auckland"
4.86399532026908,4,"2009-01-01","2015-01-01",2191,1,"Auckland"
4.41822353326778,4,"2010-01-01","2015-01-01",1826,1,"Auckland"
3.74734356552538,3,"2011-01-01","2015-01-01",1461,1,"Auckland"
2.99343102577059,3,"2012-01-01","2015-01-01",1096,1,"Auckland"
2.3758819756254,2,"2013-01-01","2015-01-01",730,1,"Auckland"
1.59440559440559,1,"2014-01-01","2015-01-01",365,1,"Auckland"
8.23169629406448,7,"2001-01-01","2016-01-01",5478,1,"Auckland"
8.07553107789142,7,"2002-01-01","2016-01-01",5113,1,"Auckland"
7.85520815917071,7,"2003-01-01","2016-01-01",4748,1,"Auckland"
7.55991516436903,7,"2004-01-01","2016-01-01",4383,1,"Auckland"
7.24562050525539,6,"2005-01-01","2016-01-01",4017,1,"Auckland"
6.94312523937189,6,"2006-01-01","2016-01-01",3652,1,"Auckland"
6.55252525252525,6,"2007-01-01","2016-01-01",3287,1,"Auckland"
6.06444541867602,5,"2008-01-01","2016-01-01",2922,1,"Auckland"
5.52883675464321,5,"2009-01-01","2016-01-01",2556,1,"Auckland"
5.11439312567132,5,"2010-01-01","2016-01-01",2191,1,"Auckland"
4.47853142501556,4,"2011-01-01","2016-01-01",1826,1,"Auckland"
3.77677224736048,3,"2012-01-01","2016-01-01",1461,1,"Auckland"
3.20698924731183,3,"2013-01-01","2016-01-01",1095,1,"Auckland"
2.48387096774194,2,"2014-01-01","2016-01-01",730,1,"Auckland"
1.66270430906389,1,"2015-01-01","2016-01-01",365,1,"Auckland"
8.56407417658456,7,"2001-01-01","2017-01-01",5844,1,"Auckland"
8.42027941811897,7,"2002-01-01","2017-01-01",5479,1,"Auckland"
8.21768914598874,7,"2003-01-01","2017-01-01",5114,1,"Auckland"
7.94172270252962,7,"2004-01-01","2017-01-01",4749,1,"Auckland"
7.64381966394943,7,"2005-01-01","2017-01-01",4383,1,"Auckland"
7.36092943201377,7,"2006-01-01","2017-01-01",4018,1,"Auckland"
6.99729144095341,6,"2007-01-01","2017-01-01",3653,1,"Auckland"
6.53864077669903,6,"2008-01-01","2017-01-01",3288,1,"Auckland"
6.04529914529915,6,"2009-01-01","2017-01-01",2922,1,"Auckland"
5.64703153988868,5,"2010-01-01","2017-01-01",2557,1,"Auckland"
5.04786954234613,5,"2011-01-01","2017-01-01",2192,1,"Auckland"
4.38333333333333,4,"2012-01-01","2017-01-01",1827,1,"Auckland"
3.83333333333333,4,"2013-01-01","2017-01-01",1461,1,"Auckland"
3.17418213969938,3,"2014-01-01","2017-01-01",1096,1,"Auckland"
2.47501982553529,2,"2015-01-01","2017-01-01",731,1,"Auckland"
1.63265306122449,1,"2016-01-01","2017-01-01",366,1,"Auckland"
8.90479241414659,8,"2001-01-01","2018-01-01",6209,1,"Auckland"
8.77130700704694,8,"2002-01-01","2018-01-01",5844,1,"Auckland"
8.58108297187631,7,"2003-01-01","2018-01-01",5479,1,"Auckland"
8.31843493552169,7,"2004-01-01","2018-01-01",5114,1,"Auckland"
8.03854909697981,7,"2005-01-01","2018-01-01",4748,1,"Auckland"
7.77269881026925,7,"2006-01-01","2018-01-01",4383,1,"Auckland"
7.42936559843035,7,"2007-01-01","2018-01-01",4018,1,"Auckland"
7.00192039106145,6,"2008-01-01","2018-01-01",3653,1,"Auckland"
6.54222137694941,6,"2009-01-01","2018-01-01",3287,1,"Auckland"
6.17361963190184,6,"2010-01-01","2018-01-01",2922,1,"Auckland"
5.60936073059361,5,"2011-01-01","2018-01-01",2557,1,"Auckland"
4.98192771084337,5,"2012-01-01","2018-01-01",2192,1,"Auckland"
4.46762801648028,4,"2013-01-01","2018-01-01",1826,1,"Auckland"
3.86302816901408,4,"2014-01-01","2018-01-01",1461,1,"Auckland"
3.25774877650897,3,"2015-01-01","2018-01-01",1096,1,"Auckland"
2.43567753001715,2,"2016-01-01","2018-01-01",731,1,"Auckland"
1.62629757785467,1,"2017-01-01","2018-01-01",365,1,"Auckland"
1.64827586206897,2,"2001-01-01","2002-01-01",365,2,"Wellington"
2.67682926829268,2.5,"2001-01-01","2003-01-01",730,2,"Wellington"
1.99453551912568,2,"2002-01-01","2003-01-01",365,2,"Wellington"
3.42978723404255,3,"2001-01-01","2004-01-01",1095,2,"Wellington"
2.88307692307692,3,"2002-01-01","2004-01-01",730,2,"Wellington"
1.77464788732394,2,"2003-01-01","2004-01-01",365,2,"Wellington"
4.08688245315162,3,"2001-01-01","2005-01-01",1461,2,"Wellington"
3.55656108597285,3,"2002-01-01","2005-01-01",1096,2,"Wellington"
2.62162162162162,2,"2003-01-01","2005-01-01",731,2,"Wellington"
1.71794871794872,1,"2004-01-01","2005-01-01",366,2,"Wellington"
4.72316384180791,4,"2001-01-01","2006-01-01",1826,2,"Wellington"
4.2291296625222,4,"2002-01-01","2006-01-01",1461,2,"Wellington"
3.44736842105263,3,"2003-01-01","2006-01-01",1096,2,"Wellington"
2.6218487394958,2,"2004-01-01","2006-01-01",731,2,"Wellington"
1.79338842975207,2,"2005-01-01","2006-01-01",365,2,"Wellington"
5.23897911832947,4,"2001-01-01","2007-01-01",2191,2,"Wellington"
4.74337517433752,4,"2002-01-01","2007-01-01",1826,2,"Wellington"
4.05992509363296,3,"2003-01-01","2007-01-01",1461,2,"Wellington"
3.31632653061224,3,"2004-01-01","2007-01-01",1096,2,"Wellington"
2.49090909090909,2,"2005-01-01","2007-01-01",730,2,"Wellington"
1.68831168831169,2,"2006-01-01","2007-01-01",365,2,"Wellington"
5.59801264679313,5,"2001-01-01","2008-01-01",2556,2,"Wellington"
5.15384615384615,4,"2002-01-01","2008-01-01",2191,2,"Wellington"
4.4813863928113,4,"2003-01-01","2008-01-01",1826,2,"Wellington"
3.80690737833595,3,"2004-01-01","2008-01-01",1461,2,"Wellington"
3.11923076923077,3,"2005-01-01","2008-01-01",1095,2,"Wellington"
2.51378446115288,2,"2006-01-01","2008-01-01",730,2,"Wellington"
1.81632653061224,2,"2007-01-01","2008-01-01",365,2,"Wellington"
6.01721664275466,5,"2001-01-01","2009-01-01",2922,2,"Wellington"
5.60048038430745,5,"2002-01-01","2009-01-01",2557,2,"Wellington"
5.00562851782364,4,"2003-01-01","2009-01-01",2192,2,"Wellington"
4.41558441558442,4,"2004-01-01","2009-01-01",1827,2,"Wellington"
3.78810408921933,3,"2005-01-01","2009-01-01",1461,2,"Wellington"
3.19241982507289,3,"2006-01-01","2009-01-01",1096,2,"Wellington"
2.58646616541353,2,"2007-01-01","2009-01-01",731,2,"Wellington"
1.62020905923345,1,"2008-01-01","2009-01-01",366,2,"Wellington"
6.41086186540732,6,"2001-01-01","2010-01-01",3287,2,"Wellington"
6.03421562298257,6,"2002-01-01","2010-01-01",2922,2,"Wellington"
5.48755490483163,5,"2003-01-01","2010-01-01",2557,2,"Wellington"
4.99509803921569,5,"2004-01-01","2010-01-01",2192,2,"Wellington"
4.45257452574526,4,"2005-01-01","2010-01-01",1826,2,"Wellington"
3.9290060851927,4,"2006-01-01","2010-01-01",1461,2,"Wellington"
3.42548076923077,3,"2007-01-01","2010-01-01",1096,2,"Wellington"
2.60817717206133,2,"2008-01-01","2010-01-01",731,2,"Wellington"
1.81333333333333,2,"2009-01-01","2010-01-01",365,2,"Wellington"
6.90590590590591,6,"2001-01-01","2011-01-01",3652,2,"Wellington"
6.57798165137615,6,"2002-01-01","2011-01-01",3287,2,"Wellington"
6.07784431137725,6,"2003-01-01","2011-01-01",2922,2,"Wellington"
5.63743455497382,5,"2004-01-01","2011-01-01",2557,2,"Wellington"
5.1615875265769,5,"2005-01-01","2011-01-01",2191,2,"Wellington"
4.71627906976744,4,"2006-01-01","2011-01-01",1826,2,"Wellington"
4.26408450704225,4,"2007-01-01","2011-01-01",1461,2,"Wellington"
3.59034792368126,3,"2008-01-01","2011-01-01",1096,2,"Wellington"
2.86754966887417,3,"2009-01-01","2011-01-01",730,2,"Wellington"
1.82894736842105,2,"2010-01-01","2011-01-01",365,2,"Wellington"
7.38498472282846,7,"2001-01-01","2012-01-01",4017,2,"Wellington"
7.0838769804287,7,"2002-01-01","2012-01-01",3652,2,"Wellington"
6.64849719816607,6,"2003-01-01","2012-01-01",3287,2,"Wellington"
6.24766611751785,6,"2004-01-01","2012-01-01",2922,2,"Wellington"
5.81924882629108,5,"2005-01-01","2012-01-01",2556,2,"Wellington"
5.41819330385344,5,"2006-01-01","2012-01-01",2191,2,"Wellington"
5.00699790062981,5,"2007-01-01","2012-01-01",1826,2,"Wellington"
4.41047297297297,4,"2008-01-01","2012-01-01",1461,2,"Wellington"
3.72686733556299,3,"2009-01-01","2012-01-01",1095,2,"Wellington"
2.89614740368509,3,"2010-01-01","2012-01-01",730,2,"Wellington"
2.01023890784983,2,"2011-01-01","2012-01-01",365,2,"Wellington"
7.68777913114088,7,"2001-01-01","2013-01-01",4383,2,"Wellington"
7.40811044003451,7,"2002-01-01","2013-01-01",4018,2,"Wellington"
7.00281030444965,7,"2003-01-01","2013-01-01",3653,2,"Wellington"
6.62870045158053,6,"2004-01-01","2013-01-01",3288,2,"Wellington"
6.23560767590618,6,"2005-01-01","2013-01-01",2922,2,"Wellington"
5.87863247863248,5,"2006-01-01","2013-01-01",2557,2,"Wellington"
5.49344159900062,5,"2007-01-01","2013-01-01",2192,2,"Wellington"
4.92330383480826,5,"2008-01-01","2013-01-01",1827,2,"Wellington"
4.25912067352666,4,"2009-01-01","2013-01-01",1461,2,"Wellington"
3.42912873862159,3,"2010-01-01","2013-01-01",1096,2,"Wellington"
2.59569892473118,2,"2011-01-01","2013-01-01",731,2,"Wellington"
1.47674418604651,1,"2012-01-01","2013-01-01",366,2,"Wellington"
8.01687454145268,7,"2001-01-01","2014-01-01",4748,2,"Wellington"
7.76636962417668,7,"2002-01-01","2014-01-01",4383,2,"Wellington"
7.38532110091743,7,"2003-01-01","2014-01-01",4018,2,"Wellington"
7.03368794326241,7,"2004-01-01","2014-01-01",3653,2,"Wellington"
6.67461430575035,6,"2005-01-01","2014-01-01",3287,2,"Wellington"
6.34886025768087,6,"2006-01-01","2014-01-01",2922,2,"Wellington"
5.99248927038627,5,"2007-01-01","2014-01-01",2557,2,"Wellington"
5.45707226683138,5,"2008-01-01","2014-01-01",2192,2,"Wellington"
4.84384384384384,4,"2009-01-01","2014-01-01",1826,2,"Wellington"
4.05813953488372,4,"2010-01-01","2014-01-01",1461,2,"Wellington"
3.33516483516484,3,"2011-01-01","2014-01-01",1096,2,"Wellington"
2.34252873563218,2,"2012-01-01","2014-01-01",731,2,"Wellington"
1.70722433460076,1,"2013-01-01","2014-01-01",365,2,"Wellington"
8.3083645443196,8,"2001-01-01","2015-01-01",5113,2,"Wellington"
8.07813010787839,8,"2002-01-01","2015-01-01",4748,2,"Wellington"
7.70584144645341,7,"2003-01-01","2015-01-01",4383,2,"Wellington"
7.38258961228969,7,"2004-01-01","2015-01-01",4018,2,"Wellington"
7.03477264042797,7,"2005-01-01","2015-01-01",3652,2,"Wellington"
6.73998397435897,6,"2006-01-01","2015-01-01",3287,2,"Wellington"
6.41417591801879,6,"2007-01-01","2015-01-01",2922,2,"Wellington"
5.91511683357177,6,"2008-01-01","2015-01-01",2557,2,"Wellington"
5.35745856353591,5,"2009-01-01","2015-01-01",2191,2,"Wellington"
4.58079470198675,4,"2010-01-01","2015-01-01",1826,2,"Wellington"
3.96268656716418,3,"2011-01-01","2015-01-01",1461,2,"Wellington"
3.1500547645126,3,"2012-01-01","2015-01-01",1096,2,"Wellington"
2.61133603238866,2,"2013-01-01","2015-01-01",730,2,"Wellington"
1.95188284518828,2,"2014-01-01","2015-01-01",365,2,"Wellington"
8.6675294794363,8,"2001-01-01","2016-01-01",5478,2,"Wellington"
8.45138055222089,8,"2002-01-01","2016-01-01",5113,2,"Wellington"
8.08605906637028,8,"2003-01-01","2016-01-01",4748,2,"Wellington"
7.78284003990688,7,"2004-01-01","2016-01-01",4383,2,"Wellington"
7.45570934256055,7,"2005-01-01","2016-01-01",4017,2,"Wellington"
7.17804261466233,7,"2006-01-01","2016-01-01",3652,2,"Wellington"
6.8868068833652,6,"2007-01-01","2016-01-01",3287,2,"Wellington"
6.41139240506329,6,"2008-01-01","2016-01-01",2922,2,"Wellington"
5.89726356216995,5,"2009-01-01","2016-01-01",2556,2,"Wellington"
5.17442512619181,5,"2010-01-01","2016-01-01",2191,2,"Wellington"
4.61798512508452,4,"2011-01-01","2016-01-01",1826,2,"Wellington"
3.87942664418212,3,"2012-01-01","2016-01-01",1461,2,"Wellington"
3.39842209072978,3,"2013-01-01","2016-01-01",1095,2,"Wellington"
2.8069241011984,2,"2014-01-01","2016-01-01",730,2,"Wellington"
1.68131868131868,1,"2015-01-01","2016-01-01",365,2,"Wellington"
9.12757421770527,8,"2001-01-01","2017-01-01",5844,2,"Wellington"
8.92070116861436,8,"2002-01-01","2017-01-01",5479,2,"Wellington"
8.56405746115509,8,"2003-01-01","2017-01-01",5114,2,"Wellington"
8.27347812786785,8,"2004-01-01","2017-01-01",4749,2,"Wellington"
7.9498730964467,8,"2005-01-01","2017-01-01",4383,2,"Wellington"
7.68426261959749,7,"2006-01-01","2017-01-01",4018,2,"Wellington"
7.42161974278763,7,"2007-01-01","2017-01-01",3653,2,"Wellington"
6.96808510638298,6,"2008-01-01","2017-01-01",3288,2,"Wellington"
6.47377398720682,6,"2009-01-01","2017-01-01",2922,2,"Wellington"
5.79315403422983,5,"2010-01-01","2017-01-01",2557,2,"Wellington"
5.26076967260195,5,"2011-01-01","2017-01-01",2192,2,"Wellington"
4.56353591160221,4,"2012-01-01","2017-01-01",1827,2,"Wellington"
4.13401253918495,4,"2013-01-01","2017-01-01",1461,2,"Wellington"
3.56268509378085,3,"2014-01-01","2017-01-01",1096,2,"Wellington"
2.46168224299065,2,"2015-01-01","2017-01-01",731,2,"Wellington"
1.62595419847328,1,"2016-01-01","2017-01-01",366,2,"Wellington"
9.67697594501718,9,"2001-01-01","2018-01-01",6209,2,"Wellington"
9.48205650292695,9,"2002-01-01","2018-01-01",5844,2,"Wellington"
9.13187399893219,8,"2003-01-01","2018-01-01",5479,2,"Wellington"
8.85183129855716,8,"2004-01-01","2018-01-01",5114,2,"Wellington"
8.53570404359048,8,"2005-01-01","2018-01-01",4748,2,"Wellington"
8.28134284016637,8,"2006-01-01","2018-01-01",4383,2,"Wellington"
8.04545454545454,7,"2007-01-01","2018-01-01",4018,2,"Wellington"
7.60970677451972,7,"2008-01-01","2018-01-01",3653,2,"Wellington"
7.1384328358209,7,"2009-01-01","2018-01-01",3287,2,"Wellington"
6.51890756302521,6,"2010-01-01","2018-01-01",2922,2,"Wellington"
6.03516377649326,6,"2011-01-01","2018-01-01",2557,2,"Wellington"
5.38530566461021,5,"2012-01-01","2018-01-01",2192,2,"Wellington"
5.00248292985723,5,"2013-01-01","2018-01-01",1826,2,"Wellington"
4.47848664688427,4,"2014-01-01","2018-01-01",1461,2,"Wellington"
3.44827586206897,3,"2015-01-01","2018-01-01",1096,2,"Wellington"
2.75209380234506,2,"2016-01-01","2018-01-01",731,2,"Wellington"
1.75223880597015,2,"2017-01-01","2018-01-01",365,2,"Wellington"
1.54883720930233,1,"2001-01-01","2002-01-01",365,3,"Rest of North Island"
2.57815442561205,3,"2001-01-01","2003-01-01",730,3,"Rest of North Island"
2.10759493670886,2,"2002-01-01","2003-01-01",365,3,"Rest of North Island"
3.22222222222222,3,"2001-01-01","2004-01-01",1095,3,"Rest of North Island"
2.73239436619718,3,"2002-01-01","2004-01-01",730,3,"Rest of North Island"
1.80952380952381,2,"2003-01-01","2004-01-01",365,3,"Rest of North Island"
4.02996254681648,4,"2001-01-01","2005-01-01",1461,3,"Rest of North Island"
3.59554513481829,4,"2002-01-01","2005-01-01",1096,3,"Rest of North Island"
2.72067039106145,2,"2003-01-01","2005-01-01",731,3,"Rest of North Island"
1.8,2,"2004-01-01","2005-01-01",366,3,"Rest of North Island"
4.84425597532768,5,"2001-01-01","2006-01-01",1826,3,"Rest of North Island"
4.48428835489834,4,"2002-01-01","2006-01-01",1461,3,"Rest of North Island"
3.59791122715405,3,"2003-01-01","2006-01-01",1096,3,"Rest of North Island"
2.80933852140078,3,"2004-01-01","2006-01-01",731,3,"Rest of North Island"
1.82096069868996,2,"2005-01-01","2006-01-01",365,3,"Rest of North Island"
5.47558655675333,5,"2001-01-01","2007-01-01",2191,3,"Rest of North Island"
5.18208516886931,5,"2002-01-01","2007-01-01",1826,3,"Rest of North Island"
4.26959847036329,4,"2003-01-01","2007-01-01",1461,3,"Rest of North Island"
3.57682619647355,3,"2004-01-01","2007-01-01",1096,3,"Rest of North Island"
2.70923379174853,3,"2005-01-01","2007-01-01",730,3,"Rest of North Island"
1.8,2,"2006-01-01","2007-01-01",365,3,"Rest of North Island"
5.60412371134021,5,"2001-01-01","2008-01-01",2556,3,"Rest of North Island"
5.3095652173913,5,"2002-01-01","2008-01-01",2191,3,"Rest of North Island"
4.48899929027679,4,"2003-01-01","2008-01-01",1826,3,"Rest of North Island"
3.85393258426966,3,"2004-01-01","2008-01-01",1461,3,"Rest of North Island"
3.09174311926605,2,"2005-01-01","2008-01-01",1095,3,"Rest of North Island"
2.28771384136858,2,"2006-01-01","2008-01-01",730,3,"Rest of North Island"
1.51790633608815,1,"2007-01-01","2008-01-01",365,3,"Rest of North Island"
5.92785234899329,5,"2001-01-01","2009-01-01",2922,3,"Rest of North Island"
5.6648224988474,4,"2002-01-01","2009-01-01",2557,3,"Rest of North Island"
4.90501888828926,4,"2003-01-01","2009-01-01",2192,3,"Rest of North Island"
4.3316677076827,3,"2004-01-01","2009-01-01",1827,3,"Rest of North Island"
3.69300911854103,3,"2005-01-01","2009-01-01",1461,3,"Rest of North Island"
2.96136154553818,2,"2006-01-01","2009-01-01",1096,3,"Rest of North Island"
2.35068153655514,2,"2007-01-01","2009-01-01",731,3,"Rest of North Island"
1.67117117117117,2,"2008-01-01","2009-01-01",366,3,"Rest of North Island"
6.03448275862069,5,"2001-01-01","2010-01-01",3287,3,"Rest of North Island"
5.78752886836028,4,"2002-01-01","2010-01-01",2922,3,"Rest of North Island"
5.13672217353199,4,"2003-01-01","2010-01-01",2557,3,"Rest of North Island"
4.63152709359606,4,"2004-01-01","2010-01-01",2192,3,"Rest of North Island"
4.0785100286533,4,"2005-01-01","2010-01-01",1826,3,"Rest of North Island"
3.49208443271768,3,"2006-01-01","2010-01-01",1461,3,"Rest of North Island"
3.06796116504854,3,"2007-01-01","2010-01-01",1096,3,"Rest of North Island"
2.53493699885452,2,"2008-01-01","2010-01-01",731,3,"Rest of North Island"
1.87645687645688,2,"2009-01-01","2010-01-01",365,3,"Rest of North Island"
6.22688564476886,5,"2001-01-01","2011-01-01",3652,3,"Rest of North Island"
6.02050113895216,5,"2002-01-01","2011-01-01",3287,3,"Rest of North Island"
5.4766050054407,4,"2003-01-01","2011-01-01",2922,3,"Rest of North Island"
5.0439121756487,4,"2004-01-01","2011-01-01",2557,3,"Rest of North Island"
4.55855855855856,4,"2005-01-01","2011-01-01",2191,3,"Rest of North Island"
4.06278252134606,4,"2006-01-01","2011-01-01",1826,3,"Rest of North Island"
3.70134424313267,3,"2007-01-01","2011-01-01",1461,3,"Rest of North Island"
3.21661721068249,3,"2008-01-01","2011-01-01",1096,3,"Rest of North Island"
2.64823008849558,2,"2009-01-01","2011-01-01",730,3,"Rest of North Island"
1.70736842105263,2,"2010-01-01","2011-01-01",365,3,"Rest of North Island"
6.5475234270415,5,"2001-01-01","2012-01-01",4017,3,"Rest of North Island"
6.37159090909091,5,"2002-01-01","2012-01-01",3652,3,"Rest of North Island"
5.89637952559301,5,"2003-01-01","2012-01-01",3287,3,"Rest of North Island"
5.50609756097561,5,"2004-01-01","2012-01-01",2922,3,"Rest of North Island"
5.05399325084364,4,"2005-01-01","2012-01-01",2556,3,"Rest of North Island"
4.60377358490566,4,"2006-01-01","2012-01-01",2191,3,"Rest of North Island"
4.26691380908248,4,"2007-01-01","2012-01-01",1826,3,"Rest of North Island"
3.81559888579387,3,"2008-01-01","2012-01-01",1461,3,"Rest of North Island"
3.29311621021466,3,"2009-01-01","2012-01-01",1095,3,"Rest of North Island"
2.470715835141,2,"2010-01-01","2012-01-01",730,3,"Rest of North Island"
1.57270693512304,1,"2011-01-01","2012-01-01",365,3,"Rest of North Island"
6.81721470019342,5,"2001-01-01","2013-01-01",4383,3,"Rest of North Island"
6.66029074215761,5,"2002-01-01","2013-01-01",4018,3,"Rest of North Island"
6.20277392510402,5,"2003-01-01","2013-01-01",3653,3,"Rest of North Island"
5.84282731881897,5,"2004-01-01","2013-01-01",3288,3,"Rest of North Island"
5.40547588005215,5,"2005-01-01","2013-01-01",2922,3,"Rest of North Island"
4.98168369144065,4,"2006-01-01","2013-01-01",2557,3,"Rest of North Island"
4.63423212192263,4,"2007-01-01","2013-01-01",2192,3,"Rest of North Island"
4.19307832422587,4,"2008-01-01","2013-01-01",1827,3,"Rest of North Island"
3.69520547945205,3,"2009-01-01","2013-01-01",1461,3,"Rest of North Island"
2.94860166288738,3,"2010-01-01","2013-01-01",1096,3,"Rest of North Island"
2.19103773584906,2,"2011-01-01","2013-01-01",731,3,"Rest of North Island"
1.428927680798,1,"2012-01-01","2013-01-01",366,3,"Rest of North Island"
7.11736785329018,6,"2001-01-01","2014-01-01",4748,3,"Rest of North Island"
6.97556561085973,6,"2002-01-01","2014-01-01",4383,3,"Rest of North Island"
6.56968810916179,6,"2003-01-01","2014-01-01",4018,3,"Rest of North Island"
6.23883696780893,6,"2004-01-01","2014-01-01",3653,3,"Rest of North Island"
5.83431455004205,5,"2005-01-01","2014-01-01",3287,3,"Rest of North Island"
5.47034152186938,5,"2006-01-01","2014-01-01",2922,3,"Rest of North Island"
5.14388489208633,4,"2007-01-01","2014-01-01",2557,3,"Rest of North Island"
4.73506493506494,4,"2008-01-01","2014-01-01",2192,3,"Rest of North Island"
4.28031985784096,4,"2009-01-01","2014-01-01",1826,3,"Rest of North Island"
3.57409440175631,3,"2010-01-01","2014-01-01",1461,3,"Rest of North Island"
2.92427616926503,3,"2011-01-01","2014-01-01",1096,3,"Rest of North Island"
2.27555555555556,2,"2012-01-01","2014-01-01",731,3,"Rest of North Island"
1.7374749498998,1,"2013-01-01","2014-01-01",365,3,"Rest of North Island"
7.30343339924501,6,"2001-01-01","2015-01-01",5113,3,"Rest of North Island"
7.17670157068063,6,"2002-01-01","2015-01-01",4748,3,"Rest of North Island"
6.82670906200318,6,"2003-01-01","2015-01-01",4383,3,"Rest of North Island"
6.52740585774059,6,"2004-01-01","2015-01-01",4018,3,"Rest of North Island"
6.14949944382647,6,"2005-01-01","2015-01-01",3652,3,"Rest of North Island"
5.83122362869198,5,"2006-01-01","2015-01-01",3287,3,"Rest of North Island"
5.52483692925238,5,"2007-01-01","2015-01-01",2922,3,"Rest of North Island"
5.14518354954458,5,"2008-01-01","2015-01-01",2557,3,"Rest of North Island"
4.70336583831394,4,"2009-01-01","2015-01-01",2191,3,"Rest of North Island"
4.08545454545455,4,"2010-01-01","2015-01-01",1826,3,"Rest of North Island"
3.48747252747253,3,"2011-01-01","2015-01-01",1461,3,"Rest of North Island"
2.87472647702407,3,"2012-01-01","2015-01-01",1096,3,"Rest of North Island"
2.36229852838122,2,"2013-01-01","2015-01-01",730,3,"Rest of North Island"
1.65625,1,"2014-01-01","2015-01-01",365,3,"Rest of North Island"
7.65374507227332,7,"2001-01-01","2016-01-01",5478,3,"Rest of North Island"
7.53652307168398,7,"2002-01-01","2016-01-01",5113,3,"Rest of North Island"
7.22458160878172,6,"2003-01-01","2016-01-01",4748,3,"Rest of North Island"
6.94552309142319,6,"2004-01-01","2016-01-01",4383,3,"Rest of North Island"
6.60338645418327,6,"2005-01-01","2016-01-01",4017,3,"Rest of North Island"
6.31454811104154,6,"2006-01-01","2016-01-01",3652,3,"Rest of North Island"
6.03879405896697,5,"2007-01-01","2016-01-01",3287,3,"Rest of North Island"
5.67743490838959,5,"2008-01-01","2016-01-01",2922,3,"Rest of North Island"
5.27780777537797,5,"2009-01-01","2016-01-01",2556,3,"Rest of North Island"
4.69740458015267,4,"2010-01-01","2016-01-01",2191,3,"Rest of North Island"
4.14607142857143,4,"2011-01-01","2016-01-01",1826,3,"Rest of North Island"
3.58606034849129,3,"2012-01-01","2016-01-01",1461,3,"Rest of North Island"
3.09426229508197,3,"2013-01-01","2016-01-01",1095,3,"Rest of North Island"
2.46524432209222,2,"2014-01-01","2016-01-01",730,3,"Rest of North Island"
1.68952380952381,1,"2015-01-01","2016-01-01",365,3,"Rest of North Island"
7.94137201571472,7,"2001-01-01","2017-01-01",5844,3,"Rest of North Island"
7.8350773075121,7,"2002-01-01","2017-01-01",5479,3,"Rest of North Island"
7.55331033349762,7,"2003-01-01","2017-01-01",5114,3,"Rest of North Island"
7.29528706083976,7,"2004-01-01","2017-01-01",4749,3,"Rest of North Island"
6.97567567567568,6,"2005-01-01","2017-01-01",4383,3,"Rest of North Island"
6.71584288667544,6,"2006-01-01","2017-01-01",4018,3,"Rest of North Island"
6.4548700654632,6,"2007-01-01","2017-01-01",3653,3,"Rest of North Island"
6.12697734074391,5,"2008-01-01","2017-01-01",3288,3,"Rest of North Island"
5.76121870571564,5,"2009-01-01","2017-01-01",2922,3,"Rest of North Island"
5.22207621550591,5,"2010-01-01","2017-01-01",2557,3,"Rest of North Island"
4.69399399399399,4,"2011-01-01","2017-01-01",2192,3,"Rest of North Island"
4.17204301075269,4,"2012-01-01","2017-01-01",1827,3,"Rest of North Island"
3.71716357775987,3,"2013-01-01","2017-01-01",1461,3,"Rest of North Island"
3.13565305093293,3,"2014-01-01","2017-01-01",1096,3,"Rest of North Island"
2.38388625592417,2,"2015-01-01","2017-01-01",731,3,"Rest of North Island"
1.62641509433962,1,"2016-01-01","2017-01-01",366,3,"Rest of North Island"
8.30883372625156,7,"2001-01-01","2018-01-01",6209,3,"Rest of North Island"
8.21369353916524,7,"2002-01-01","2018-01-01",5844,3,"Rest of North Island"
7.95958083832335,7,"2003-01-01","2018-01-01",5479,3,"Rest of North Island"
7.71888612321095,7,"2004-01-01","2018-01-01",5114,3,"Rest of North Island"
7.42894351294156,7,"2005-01-01","2018-01-01",4748,3,"Rest of North Island"
7.19242475481907,6,"2006-01-01","2018-01-01",4383,3,"Rest of North Island"
6.9542066027689,6,"2007-01-01","2018-01-01",4018,3,"Rest of North Island"
6.63688104723961,6,"2008-01-01","2018-01-01",3653,3,"Rest of North Island"
6.29707893101305,6,"2009-01-01","2018-01-01",3287,3,"Rest of North Island"
5.78285584356526,5,"2010-01-01","2018-01-01",2922,3,"Rest of North Island"
5.29135865409126,4,"2011-01-01","2018-01-01",2557,3,"Rest of North Island"
4.80523590333717,4,"2012-01-01","2018-01-01",2192,3,"Rest of North Island"
4.38406504065041,4,"2013-01-01","2018-01-01",1826,3,"Rest of North Island"
3.80085403726708,3,"2014-01-01","2018-01-01",1461,3,"Rest of North Island"
3.12014563106796,3,"2015-01-01","2018-01-01",1096,3,"Rest of North Island"
2.40516473731077,2,"2016-01-01","2018-01-01",731,3,"Rest of North Island"
1.66779089376054,2,"2017-01-01","2018-01-01",365,3,"Rest of North Island"
1.7027027027027,2,"2001-01-01","2002-01-01",365,4,"Canterbury"
2.62595419847328,3,"2001-01-01","2003-01-01",730,4,"Canterbury"
1.7682119205298,2,"2002-01-01","2003-01-01",365,4,"Canterbury"
3.37994722955145,3,"2001-01-01","2004-01-01",1095,4,"Canterbury"
2.71641791044776,3,"2002-01-01","2004-01-01",730,4,"Canterbury"
1.88888888888889,2,"2003-01-01","2004-01-01",365,4,"Canterbury"
4.1055900621118,4,"2001-01-01","2005-01-01",1461,4,"Canterbury"
3.47849462365591,4,"2002-01-01","2005-01-01",1096,4,"Canterbury"
2.69230769230769,2,"2003-01-01","2005-01-01",731,4,"Canterbury"
1.48076923076923,1,"2004-01-01","2005-01-01",366,4,"Canterbury"
5.72783825816485,6,"2001-01-01","2006-01-01",1826,4,"Canterbury"
5.29699248120301,5,"2002-01-01","2006-01-01",1461,4,"Canterbury"
4.55380577427822,5,"2003-01-01","2006-01-01",1096,4,"Canterbury"
3.66666666666667,5,"2004-01-01","2006-01-01",731,4,"Canterbury"
3.075,4,"2005-01-01","2006-01-01",365,4,"Canterbury"
6.35685210312076,7,"2001-01-01","2007-01-01",2191,4,"Canterbury"
5.92332268370607,6,"2002-01-01","2007-01-01",1826,4,"Canterbury"
5.16842105263158,6,"2003-01-01","2007-01-01",1461,4,"Canterbury"
4.31284916201117,5,"2004-01-01","2007-01-01",1096,4,"Canterbury"
3.59842519685039,4,"2005-01-01","2007-01-01",730,4,"Canterbury"
1.51063829787234,1,"2006-01-01","2007-01-01",365,4,"Canterbury"
7.17587373167982,8,"2001-01-01","2008-01-01",2556,4,"Canterbury"
6.77319587628866,7,"2002-01-01","2008-01-01",2191,4,"Canterbury"
6.0272,6,"2003-01-01","2008-01-01",1826,4,"Canterbury"
5.22834645669291,5,"2004-01-01","2008-01-01",1461,4,"Canterbury"
4.54455445544554,4,"2005-01-01","2008-01-01",1095,4,"Canterbury"
2.4344262295082,2,"2006-01-01","2008-01-01",730,4,"Canterbury"
1.61333333333333,2,"2007-01-01","2008-01-01",365,4,"Canterbury"
7.84636614535419,8,"2001-01-01","2009-01-01",2922,4,"Canterbury"
7.49385245901639,7,"2002-01-01","2009-01-01",2557,4,"Canterbury"
6.76242424242424,6,"2003-01-01","2009-01-01",2192,4,"Canterbury"
6.01694915254237,5,"2004-01-01","2009-01-01",1827,4,"Canterbury"
5.39735099337748,4,"2005-01-01","2009-01-01",1461,4,"Canterbury"
3.4954954954955,3,"2006-01-01","2009-01-01",1096,4,"Canterbury"
2.90857142857143,3,"2007-01-01","2009-01-01",731,4,"Canterbury"
1.82,2,"2008-01-01","2009-01-01",366,4,"Canterbury"
8.59241706161137,8,"2001-01-01","2010-01-01",3287,4,"Canterbury"
8.28484848484849,7,"2002-01-01","2010-01-01",2922,4,"Canterbury"
7.60557768924303,7,"2003-01-01","2010-01-01",2557,4,"Canterbury"
6.93235625704622,6,"2004-01-01","2010-01-01",2192,4,"Canterbury"
6.37164750957854,5,"2005-01-01","2010-01-01",1826,4,"Canterbury"
4.49598715890851,4,"2006-01-01","2010-01-01",1461,4,"Canterbury"
3.98298676748582,4,"2007-01-01","2010-01-01",1096,4,"Canterbury"
2.89973614775726,3,"2008-01-01","2010-01-01",731,4,"Canterbury"
1.81564245810056,2,"2009-01-01","2010-01-01",365,4,"Canterbury"
9.33816425120773,8,"2001-01-01","2011-01-01",3652,4,"Canterbury"
9.0627802690583,7,"2002-01-01","2011-01-01",3287,4,"Canterbury"
8.42375737152485,7,"2003-01-01","2011-01-01",2922,4,"Canterbury"
7.80373831775701,6,"2004-01-01","2011-01-01",2557,4,"Canterbury"
7.26915113871636,6,"2005-01-01","2011-01-01",2191,4,"Canterbury"
5.43920595533499,5,"2006-01-01","2011-01-01",1826,4,"Canterbury"
4.96629213483146,5,"2007-01-01","2011-01-01",1461,4,"Canterbury"
3.92526690391459,4,"2008-01-01","2011-01-01",1096,4,"Canterbury"
2.95580110497238,3,"2009-01-01","2011-01-01",730,4,"Canterbury"
1.87431693989071,2,"2010-01-01","2011-01-01",365,4,"Canterbury"
9.56353591160221,8,"2001-01-01","2012-01-01",4017,4,"Canterbury"
9.29249011857707,7,"2002-01-01","2012-01-01",3652,4,"Canterbury"
8.67520117044623,7,"2003-01-01","2012-01-01",3287,4,"Canterbury"
8.088,6,"2004-01-01","2012-01-01",2922,4,"Canterbury"
7.56544502617801,6,"2005-01-01","2012-01-01",2556,4,"Canterbury"
5.87829614604463,6,"2006-01-01","2012-01-01",2191,4,"Canterbury"
5.44843049327354,5,"2007-01-01","2012-01-01",1826,4,"Canterbury"
4.47708894878706,5,"2008-01-01","2012-01-01",1461,4,"Canterbury"
3.54243542435424,4,"2009-01-01","2012-01-01",1095,4,"Canterbury"
2.59228650137741,3,"2010-01-01","2012-01-01",730,4,"Canterbury"
1.62222222222222,1,"2011-01-01","2012-01-01",365,4,"Canterbury"
9.47132311186826,8,"2001-01-01","2013-01-01",4383,4,"Canterbury"
9.19515151515152,7,"2002-01-01","2013-01-01",4018,4,"Canterbury"
8.58639092728486,7,"2003-01-01","2013-01-01",3653,4,"Canterbury"
8.01591895803184,6,"2004-01-01","2013-01-01",3288,4,"Canterbury"
7.50078247261346,6,"2005-01-01","2013-01-01",2922,4,"Canterbury"
5.96422182468694,6,"2006-01-01","2013-01-01",2557,4,"Canterbury"
5.564453125,6,"2007-01-01","2013-01-01",2192,4,"Canterbury"
4.66819221967963,5,"2008-01-01","2013-01-01",1827,4,"Canterbury"
3.78635014836795,4,"2009-01-01","2013-01-01",1461,4,"Canterbury"
2.93939393939394,3,"2010-01-01","2013-01-01",1096,4,"Canterbury"
2.13461538461538,2,"2011-01-01","2013-01-01",731,4,"Canterbury"
1.39393939393939,1,"2012-01-01","2013-01-01",366,4,"Canterbury"
10.3246492985972,8,"2001-01-01","2014-01-01",4748,4,"Canterbury"
10.0779840848806,8,"2002-01-01","2014-01-01",4383,4,"Canterbury"
9.4878892733564,8,"2003-01-01","2014-01-01",4018,4,"Canterbury"
8.95176252319109,7,"2004-01-01","2014-01-01",3653,4,"Canterbury"
8.46860541969597,7,"2005-01-01","2014-01-01",3287,4,"Canterbury"
6.94826311899483,6,"2006-01-01","2014-01-01",2922,4,"Canterbury"
6.5647339158062,6,"2007-01-01","2014-01-01",2557,4,"Canterbury"
5.67628494138864,6,"2008-01-01","2014-01-01",2192,4,"Canterbury"
4.7975797579758,5,"2009-01-01","2014-01-01",1826,4,"Canterbury"
3.91780821917808,4,"2010-01-01","2014-01-01",1461,4,"Canterbury"
3.0036563071298,3,"2011-01-01","2014-01-01",1096,4,"Canterbury"
2.28610354223433,2,"2012-01-01","2014-01-01",731,4,"Canterbury"
1.77446808510638,2,"2013-01-01","2014-01-01",365,4,"Canterbury"
10.8026086956522,8,"2001-01-01","2015-01-01",5113,4,"Canterbury"
10.5591594335313,8,"2002-01-01","2015-01-01",4748,4,"Canterbury"
10.0004906771344,8,"2003-01-01","2015-01-01",4383,4,"Canterbury"
9.50598646538261,7,"2004-01-01","2015-01-01",4018,4,"Canterbury"
9.05118326912493,7,"2005-01-01","2015-01-01",3652,4,"Canterbury"
7.60108630054315,7,"2006-01-01","2015-01-01",3287,4,"Canterbury"
7.22904670505438,6,"2007-01-01","2015-01-01",2922,4,"Canterbury"
6.38499646142958,6,"2008-01-01","2015-01-01",2557,4,"Canterbury"
5.54245671887881,5,"2009-01-01","2015-01-01",2191,4,"Canterbury"
4.66924564796905,4,"2010-01-01","2015-01-01",1826,4,"Canterbury"
3.77555816686251,4,"2011-01-01","2015-01-01",1461,4,"Canterbury"
3.14605067064083,3,"2012-01-01","2015-01-01",1096,4,"Canterbury"
2.75139146567718,2,"2013-01-01","2015-01-01",730,4,"Canterbury"
1.56578947368421,1,"2014-01-01","2015-01-01",365,4,"Canterbury"
11.7911164465786,9,"2001-01-01","2016-01-01",5478,4,"Canterbury"
11.571189279732,9,"2002-01-01","2016-01-01",5113,4,"Canterbury"
11.0375502905677,8,"2003-01-01","2016-01-01",4748,4,"Canterbury"
10.5740566037736,8,"2004-01-01","2016-01-01",4383,4,"Canterbury"
10.1388888888889,8,"2005-01-01","2016-01-01",4017,4,"Canterbury"
8.66648706896552,7,"2006-01-01","2016-01-01",3652,4,"Canterbury"
8.29909194097616,7,"2007-01-01","2016-01-01",3287,4,"Canterbury"
7.4590570719603,6.5,"2008-01-01","2016-01-01",2922,4,"Canterbury"
6.63668555240793,6,"2009-01-01","2016-01-01",2556,4,"Canterbury"
5.74858069748581,5,"2010-01-01","2016-01-01",2191,4,"Canterbury"
4.85809523809524,5,"2011-01-01","2016-01-01",1826,4,"Canterbury"
4.3183908045977,4,"2012-01-01","2016-01-01",1461,4,"Canterbury"
4.02845528455285,3,"2013-01-01","2016-01-01",1095,4,"Canterbury"
2.85884691848907,2,"2014-01-01","2016-01-01",730,4,"Canterbury"
1.95477386934673,2,"2015-01-01","2016-01-01",365,4,"Canterbury"
12.248208223312,9,"2001-01-01","2017-01-01",5844,4,"Canterbury"
12.0354330708661,9,"2002-01-01","2017-01-01",5479,4,"Canterbury"
11.5215571368774,9,"2003-01-01","2017-01-01",5114,4,"Canterbury"
11.0647007042254,9,"2004-01-01","2017-01-01",4749,4,"Canterbury"
10.6291512915129,8,"2005-01-01","2017-01-01",4383,4,"Canterbury"
9.18376494023904,8,"2006-01-01","2017-01-01",4018,4,"Canterbury"
8.82183908045977,8,"2007-01-01","2017-01-01",3653,4,"Canterbury"
7.98412698412698,7,"2008-01-01","2017-01-01",3288,4,"Canterbury"
7.17455242966752,7,"2009-01-01","2017-01-01",2922,4,"Canterbury"
6.29025270758123,6,"2010-01-01","2017-01-01",2557,4,"Canterbury"
5.41014975041597,5,"2011-01-01","2017-01-01",2192,4,"Canterbury"
4.87377690802348,4,"2012-01-01","2017-01-01",1827,4,"Canterbury"
4.60786516853933,4,"2013-01-01","2017-01-01",1461,4,"Canterbury"
3.46870229007634,3,"2014-01-01","2017-01-01",1096,4,"Canterbury"
2.67521367521368,2,"2015-01-01","2017-01-01",731,4,"Canterbury"
1.55263157894737,1,"2016-01-01","2017-01-01",366,4,"Canterbury"
12.7108477011494,9,"2001-01-01","2018-01-01",6209,4,"Canterbury"
12.5031799476244,9,"2002-01-01","2018-01-01",5844,4,"Canterbury"
12.0007930214116,9,"2003-01-01","2018-01-01",5479,4,"Canterbury"
11.5617463617464,9,"2004-01-01","2018-01-01",5114,4,"Canterbury"
11.1399391568883,9,"2005-01-01","2018-01-01",4748,4,"Canterbury"
9.70574497898178,8,"2006-01-01","2018-01-01",4383,4,"Canterbury"
9.34538348803127,8,"2007-01-01","2018-01-01",4018,4,"Canterbury"
8.51396942540854,7,"2008-01-01","2018-01-01",3653,4,"Canterbury"
7.72186210960519,7,"2009-01-01","2018-01-01",3287,4,"Canterbury"
6.84255599472991,6,"2010-01-01","2018-01-01",2922,4,"Canterbury"
5.97153558052434,5,"2011-01-01","2018-01-01",2557,4,"Canterbury"
5.46493506493506,5,"2012-01-01","2018-01-01",2192,4,"Canterbury"
5.2336265884653,5,"2013-01-01","2018-01-01",1826,4,"Canterbury"
4.15355329949239,4,"2014-01-01","2018-01-01",1461,4,"Canterbury"
3.45867768595041,3,"2015-01-01","2018-01-01",1096,4,"Canterbury"
2.41052631578947,2,"2016-01-01","2018-01-01",731,4,"Canterbury"
1.55639097744361,1,"2017-01-01","2018-01-01",365,4,"Canterbury"
1.41095890410959,1,"2001-01-01","2002-01-01",365,5,"Rest of South Island"
2.73399014778325,3,"2001-01-01","2003-01-01",730,5,"Rest of South Island"
2.13846153846154,2,"2002-01-01","2003-01-01",365,5,"Rest of South Island"
3.73287671232877,4,"2001-01-01","2004-01-01",1095,5,"Rest of South Island"
3.16438356164384,3,"2002-01-01","2004-01-01",730,5,"Rest of South Island"
2.03370786516854,2,"2003-01-01","2004-01-01",365,5,"Rest of South Island"
4.64341085271318,4,"2001-01-01","2005-01-01",1461,5,"Rest of South Island"
4.1656050955414,4,"2002-01-01","2005-01-01",1096,5,"Rest of South Island"
3.09782608695652,3,"2003-01-01","2005-01-01",731,5,"Rest of South Island"
2.11578947368421,2,"2004-01-01","2005-01-01",366,5,"Rest of South Island"
5.4920993227991,5,"2001-01-01","2006-01-01",1826,5,"Rest of South Island"
5.07027027027027,5,"2002-01-01","2006-01-01",1461,5,"Rest of South Island"
4.05833333333333,4,"2003-01-01","2006-01-01",1096,5,"Rest of South Island"
3.17218543046358,3,"2004-01-01","2006-01-01",731,5,"Rest of South Island"
1.71428571428571,2,"2005-01-01","2006-01-01",365,5,"Rest of South Island"
6.07661290322581,6,"2001-01-01","2007-01-01",2191,5,"Rest of South Island"
5.65721040189125,5,"2002-01-01","2007-01-01",1826,5,"Rest of South Island"
4.61092150170648,4,"2003-01-01","2007-01-01",1461,5,"Rest of South Island"
3.75490196078431,4,"2004-01-01","2007-01-01",1096,5,"Rest of South Island"
2.39449541284404,2,"2005-01-01","2007-01-01",730,5,"Rest of South Island"
1.52830188679245,1,"2006-01-01","2007-01-01",365,5,"Rest of South Island"
6.37397034596376,6,"2001-01-01","2008-01-01",2556,5,"Rest of South Island"
5.99250936329588,6,"2002-01-01","2008-01-01",2191,5,"Rest of South Island"
5.05940594059406,4,"2003-01-01","2008-01-01",1826,5,"Rest of South Island"
4.28888888888889,4,"2004-01-01","2008-01-01",1461,5,"Rest of South Island"
3.16363636363636,2.5,"2005-01-01","2008-01-01",1095,5,"Rest of South Island"
2.47560975609756,2,"2006-01-01","2008-01-01",730,5,"Rest of South Island"
1.93693693693694,2,"2007-01-01","2008-01-01",365,5,"Rest of South Island"
6.36533333333333,5,"2001-01-01","2009-01-01",2922,5,"Rest of South Island"
5.99852289512555,5,"2002-01-01","2009-01-01",2557,5,"Rest of South Island"
5.14990859232176,4,"2003-01-01","2009-01-01",2192,5,"Rest of South Island"
4.45851528384279,4,"2004-01-01","2009-01-01",1827,5,"Rest of South Island"
3.5564738292011,3,"2005-01-01","2009-01-01",1461,5,"Rest of South Island"
3.08469055374593,3,"2006-01-01","2009-01-01",1096,5,"Rest of South Island"
2.63779527559055,2,"2007-01-01","2009-01-01",731,5,"Rest of South Island"
1.81118881118881,2,"2008-01-01","2009-01-01",366,5,"Rest of South Island"
6.54035874439462,5,"2001-01-01","2010-01-01",3287,5,"Rest of South Island"
6.20634920634921,5,"2002-01-01","2010-01-01",2922,5,"Rest of South Island"
5.47024673439768,5,"2003-01-01","2010-01-01",2557,5,"Rest of South Island"
4.86,4,"2004-01-01","2010-01-01",2192,5,"Rest of South Island"
4.10891089108911,3,"2005-01-01","2010-01-01",1826,5,"Rest of South Island"
3.70824053452116,3,"2006-01-01","2010-01-01",1461,5,"Rest of South Island"
3.36363636363636,3,"2007-01-01","2010-01-01",1096,5,"Rest of South Island"
2.6,2,"2008-01-01","2010-01-01",731,5,"Rest of South Island"
1.59154929577465,1,"2009-01-01","2010-01-01",365,5,"Rest of South Island"
6.65609990393852,6,"2001-01-01","2011-01-01",3652,5,"Rest of South Island"
6.33884297520661,5,"2002-01-01","2011-01-01",3287,5,"Rest of South Island"
5.70883054892601,5,"2003-01-01","2011-01-01",2922,5,"Rest of South Island"
5.16822429906542,5,"2004-01-01","2011-01-01",2557,5,"Rest of South Island"
4.52905198776758,4,"2005-01-01","2011-01-01",2191,5,"Rest of South Island"
4.20066889632107,4,"2006-01-01","2011-01-01",1826,5,"Rest of South Island"
3.95779816513761,3,"2007-01-01","2011-01-01",1461,5,"Rest of South Island"
3.32258064516129,3,"2008-01-01","2011-01-01",1096,5,"Rest of South Island"
2.47766323024055,2,"2009-01-01","2011-01-01",730,5,"Rest of South Island"
1.77852348993289,2,"2010-01-01","2011-01-01",365,5,"Rest of South Island"
6.75020955574183,6,"2001-01-01","2012-01-01",4017,5,"Rest of South Island"
6.47321428571429,5,"2002-01-01","2012-01-01",3652,5,"Rest of South Island"
5.92727272727273,5,"2003-01-01","2012-01-01",3287,5,"Rest of South Island"
5.46392896781354,5,"2004-01-01","2012-01-01",2922,5,"Rest of South Island"
4.92803970223325,4,"2005-01-01","2012-01-01",2556,5,"Rest of South Island"
4.66133333333333,4,"2006-01-01","2012-01-01",2191,5,"Rest of South Island"
4.48350071736011,4,"2007-01-01","2012-01-01",1826,5,"Rest of South Island"
3.95221843003413,4,"2008-01-01","2012-01-01",1461,5,"Rest of South Island"
3.18058690744921,3,"2009-01-01","2012-01-01",1095,5,"Rest of South Island"
2.40863787375415,2,"2010-01-01","2012-01-01",730,5,"Rest of South Island"
1.64473684210526,1,"2011-01-01","2012-01-01",365,5,"Rest of South Island"
6.99548192771084,6,"2001-01-01","2013-01-01",4383,5,"Rest of South Island"
6.74183266932271,6,"2002-01-01","2013-01-01",4018,5,"Rest of South Island"
6.24977777777778,5,"2003-01-01","2013-01-01",3653,5,"Rest of South Island"
5.85135135135135,5,"2004-01-01","2013-01-01",3288,5,"Rest of South Island"
5.38894792773645,5,"2005-01-01","2013-01-01",2922,5,"Rest of South Island"
5.16045197740113,5,"2006-01-01","2013-01-01",2557,5,"Rest of South Island"
5.01682692307692,4,"2007-01-01","2013-01-01",2192,5,"Rest of South Island"
4.55339805825243,4,"2008-01-01","2013-01-01",1827,5,"Rest of South Island"
3.80276816608997,4,"2009-01-01","2013-01-01",1461,5,"Rest of South Island"
3.11467889908257,3,"2010-01-01","2013-01-01",1096,5,"Rest of South Island"
2.4006968641115,2,"2011-01-01","2013-01-01",731,5,"Rest of South Island"
1.57777777777778,1,"2012-01-01","2013-01-01",366,5,"Rest of South Island"
7.4694014794889,7,"2001-01-01","2014-01-01",4748,5,"Rest of South Island"
7.23479490806224,6,"2002-01-01","2014-01-01",4383,5,"Rest of South Island"
6.79906542056075,6,"2003-01-01","2014-01-01",4018,5,"Rest of South Island"
6.44602510460251,6,"2004-01-01","2014-01-01",3653,5,"Rest of South Island"
6.04909090909091,5,"2005-01-01","2014-01-01",3287,5,"Rest of South Island"
5.84099616858238,5,"2006-01-01","2014-01-01",2922,5,"Rest of South Island"
5.73259334006054,5,"2007-01-01","2014-01-01",2557,5,"Rest of South Island"
5.31136363636364,5,"2008-01-01","2014-01-01",2192,5,"Rest of South Island"
4.64179104477612,4,"2009-01-01","2014-01-01",1826,5,"Rest of South Island"
3.98151260504202,4,"2010-01-01","2014-01-01",1461,5,"Rest of South Island"
3.26905829596413,3,"2011-01-01","2014-01-01",1096,5,"Rest of South Island"
2.51700680272109,2,"2012-01-01","2014-01-01",731,5,"Rest of South Island"
1.83018867924528,2,"2013-01-01","2014-01-01",365,5,"Rest of South Island"
7.83618149675899,7,"2001-01-01","2015-01-01",5113,5,"Rest of South Island"
7.61761083743842,7,"2002-01-01","2015-01-01",4748,5,"Rest of South Island"
7.21151271753681,6,"2003-01-01","2015-01-01",4383,5,"Rest of South Island"
6.88896797153025,6,"2004-01-01","2015-01-01",4018,5,"Rest of South Island"
6.52977099236641,6,"2005-01-01","2015-01-01",3652,5,"Rest of South Island"
6.33732057416268,6,"2006-01-01","2015-01-01",3287,5,"Rest of South Island"
6.21898417985012,6,"2007-01-01","2015-01-01",2922,5,"Rest of South Island"
5.81100917431193,5,"2008-01-01","2015-01-01",2557,5,"Rest of South Island"
5.12777191129884,5,"2009-01-01","2015-01-01",2191,5,"Rest of South Island"
4.43975155279503,4,"2010-01-01","2015-01-01",1826,5,"Rest of South Island"
3.76981707317073,3,"2011-01-01","2015-01-01",1461,5,"Rest of South Island"
3.06349206349206,3,"2012-01-01","2015-01-01",1096,5,"Rest of South Island"
2.51761517615176,2,"2013-01-01","2015-01-01",730,5,"Rest of South Island"
1.72380952380952,2,"2014-01-01","2015-01-01",365,5,"Rest of South Island"
8.32730263157895,7,"2001-01-01","2016-01-01",5478,5,"Rest of South Island"
8.11650485436893,7,"2002-01-01","2016-01-01",5113,5,"Rest of South Island"
7.73041332510796,7,"2003-01-01","2016-01-01",4748,5,"Rest of South Island"
7.42297650130548,7,"2004-01-01","2016-01-01",4383,5,"Rest of South Island"
7.07794015309673,6,"2005-01-01","2016-01-01",4017,5,"Rest of South Island"
6.89065894279508,6,"2006-01-01","2016-01-01",3652,5,"Rest of South Island"
6.78012048192771,6,"2007-01-01","2016-01-01",3287,5,"Rest of South Island"
6.38701725554643,6,"2008-01-01","2016-01-01",2922,5,"Rest of South Island"
5.72718808193668,5,"2009-01-01","2016-01-01",2556,5,"Rest of South Island"
5.06330472103004,5,"2010-01-01","2016-01-01",2191,5,"Rest of South Island"
4.45721583652618,4,"2011-01-01","2016-01-01",1826,5,"Rest of South Island"
3.79873217115689,4,"2012-01-01","2016-01-01",1461,5,"Rest of South Island"
3.37903225806452,3,"2013-01-01","2016-01-01",1095,5,"Rest of South Island"
2.67359050445104,2,"2014-01-01","2016-01-01",730,5,"Rest of South Island"
1.81889763779528,2,"2015-01-01","2016-01-01",365,5,"Rest of South Island"
8.90927419354839,8,"2001-01-01","2017-01-01",5844,5,"Rest of South Island"
8.71219256933543,7,"2002-01-01","2017-01-01",5479,5,"Rest of South Island"
8.34699606962381,7,"2003-01-01","2017-01-01",5114,5,"Rest of South Island"
8.04787234042553,7,"2004-01-01","2017-01-01",4749,5,"Rest of South Island"
7.71947401377583,7,"2005-01-01","2017-01-01",4383,5,"Rest of South Island"
7.5360155743024,7,"2006-01-01","2017-01-01",4018,5,"Rest of South Island"
7.42809139784946,6,"2007-01-01","2017-01-01",3653,5,"Rest of South Island"
7.05010893246187,6,"2008-01-01","2017-01-01",3288,5,"Rest of South Island"
6.39870340356564,5,"2009-01-01","2017-01-01",2922,5,"Rest of South Island"
5.73443223443223,5,"2010-01-01","2017-01-01",2557,5,"Rest of South Island"
5.18875927889714,4,"2011-01-01","2017-01-01",2192,5,"Rest of South Island"
4.57901390644753,4,"2012-01-01","2017-01-01",1827,5,"Rest of South Island"
4.22103658536585,4,"2013-01-01","2017-01-01",1461,5,"Rest of South Island"
3.54124748490946,3,"2014-01-01","2017-01-01",1096,5,"Rest of South Island"
2.92334494773519,2,"2015-01-01","2017-01-01",731,5,"Rest of South Island"
1.8625,2,"2016-01-01","2017-01-01",366,5,"Rest of South Island"
9.30098916627414,8,"2001-01-01","2018-01-01",6209,5,"Rest of South Island"
9.11170731707317,8,"2002-01-01","2018-01-01",5844,5,"Rest of South Island"
8.765625,7,"2003-01-01","2018-01-01",5479,5,"Rest of South Island"
8.47132714363736,7,"2004-01-01","2018-01-01",5114,5,"Rest of South Island"
8.15668202764977,7,"2005-01-01","2018-01-01",4748,5,"Rest of South Island"
7.97321428571429,7,"2006-01-01","2018-01-01",4383,5,"Rest of South Island"
7.86785494775661,7,"2007-01-01","2018-01-01",4018,5,"Rest of South Island"
7.50395778364116,6,"2008-01-01","2018-01-01",3653,5,"Rest of South Island"
6.86962855061908,6,"2009-01-01","2018-01-01",3287,5,"Rest of South Island"
6.22095857026807,5,"2010-01-01","2018-01-01",2922,5,"Rest of South Island"
5.69408502772643,5,"2011-01-01","2018-01-01",2557,5,"Rest of South Island"
5.0989247311828,4,"2012-01-01","2018-01-01",2192,5,"Rest of South Island"
4.74339622641509,4,"2013-01-01","2018-01-01",1826,5,"Rest of South Island"
4.03459119496855,3,"2014-01-01","2018-01-01",1461,5,"Rest of South Island"
3.3943661971831,3,"2015-01-01","2018-01-01",1096,5,"Rest of South Island"
2.55852842809365,2,"2016-01-01","2018-01-01",731,5,"Rest of South Island"
1.54676258992806,1,"2017-01-01","2018-01-01",365,5,"Rest of South Island"
